STORE_ID,STORE_TYPE,REGION_ID,STORE_SIZE
982,Independent,3,1
1225,Natural chain,12,5
1969,Natural chain,11,4
2331,Online,4,5
2235,Independent,,4
2236,Other,3,1
1498,Natural chain,12,3
1697,Independent,8,2
115,Independent,2,0
1601,Other,3,1
2205,Other,3,3
2132,Natural chain,2,5
1147,Alternative,8,4
945,Natural chain,2,5
1791,Online,2,5
79,Independent,1,
1491,Alternative,3,2
2255,Other,12,1
2711,Independent,5,5
2356,Other,,0
2310,Other,5,1
2509,Natural chain,12,5
2712,Online,3,5
2237,Independent,,0
478,Independent,8,0
1861,Other,11,0
2638,Natural chain,5,1
1272,Natural chain,3,1
1017,Independent,5,2
1248,Alternative,3,0
888,Independent,3,1
2430,Natural chain,1,5
2332,Other,5,1
1890,Independent,7,0
1193,Independent,3,1
991,Natural chain,2,5
1824,Conventional,2,5
2333,Other,11,1
257,Natural chain,3,
2522,Independent,2,4
1602,Online,3,2
1235,Other,3,0
2596,Other,3,1
1753,Other,12,5
509,,9,
2513,Independent,4,1
2659,Independent,7,2
756,Independent,5,2
2257,Independent,3,4
2199,Online,4,1
1835,Natural chain,4,4
2622,Online,4,5
2268,Independent,,2
2334,Independent,12,1
634,Independent,1,
1548,Natural chain,11,5
1701,Natural chain,3,3
923,Independent,5,1
235,Independent,2,
1440,Alternative,3,1
182,Natural chain,1,
2428,Natural chain,1,5
2262,Independent,,3
1895,Conventional,3,4
2673,Online,5,1
1227,Independent,8,2
2508,Natural chain,12,5
1702,Natural chain,3,2
727,Independent,1,1
2335,Conventional,2,0
2472,Natural chain,1,5
2261,Online,2,3
952,Independent,3,2
2224,Natural chain,11,0
2259,Online,2,3
2336,Conventional,3,5
2223,Natural chain,2,5
2234,Independent,2,4
2263,Independent,3,2
2524,Natural chain,12,5
2337,Other,3,1
2715,Conventional,4,3
2605,Other,,0
436,,5,
1610,Alternative,8,2
2265,Other,1,3
947,Natural chain,2,5
936,Natural chain,2,5
935,Natural chain,2,5
2714,Independent,7,0
1578,Natural chain,2,5
234,Independent,2,
1508,Natural chain,12,3
1265,Natural chain,3,5
2264,Other,3,0
1596,Other,2,4
1705,Independent,9,2
1579,Natural chain,2,5
1474,Alternative,1,1
684,Independent,2,
1054,Alternative,3,0
1568,Other,3,2
2357,Independent,8,3
2238,Other,,1
1698,Online,4,5
2060,Other,5,5
1564,Alternative,2,4
1761,Independent,4,4
2525,Natural chain,12,5
1577,Natural chain,2,5
1706,Other,2,0
1651,Online,3,2
1611,Alternative,10,2
173,Independent,1,1
2192,Online,3,5
434,,5,
2527,Natural chain,12,5
713,Other,2,1
1583,Natural chain,2,5
1709,Other,12,0
1509,Conventional,2,5
136,,7,
2514,Online,,2
2429,Natural chain,1,5
1480,Other,2,5
2494,Independent,3,1
16,Independent,1,1
1613,Other,3,1
1511,Alternative,5,3
2359,Other,3,1
2239,Independent,,4
1816,Other,4,2
1,Other,1,1
1612,Other,3,1
2338,Independent,11,2
1486,Natural chain,11,5
904,Independent,2,4
1129,Natural chain,4,1
430,,10,
2437,Natural chain,3,5
1671,Natural chain,12,4
1703,Other,12,2
1512,Independent,5,1
2436,Natural chain,3,5
2713,Independent,2,1
774,Natural chain,2,5
2028,Natural chain,3,5
667,Other,1,
2528,Natural chain,12,5
1614,Online,3,2
1765,Independent,2,2
232,Independent,2,
2266,Independent,,3
2361,Online,3,5
2267,Alternative,4,0
1175,Other,4,5
2529,Natural chain,12,5
2066,Independent,11,2
2035,Online,2,1
795,Independent,2,4
782,Natural chain,10,5
1796,Other,3,2
73,Independent,1,3
2072,Alternative,,4
2030,Online,,0
2055,Online,2,1
1589,Natural chain,2,5
2029,Online,8,0
2433,Natural chain,1,5
2296,Natural chain,3,5
1794,Other,2,0
1028,Independent,4,0
1892,Independent,8,1
1288,Natural chain,2,5
1292,Independent,2,5
2362,Independent,5,1
2640,Online,2,2
2206,Independent,11,1
1525,Other,2,5
2269,Independent,,0
802,Alternative,10,0
1782,Online,2,5
97,Independent,1,
2419,Natural chain,1,5
2363,Other,4,1
2032,Online,2,1
1937,Online,4,5
1711,Other,3,1
2427,Natural chain,1,5
1048,Independent,2,5
2339,Independent,7,2
71,Independent,1,2
457,,8,
1319,Natural chain,11,5
701,Alternative,1,0
167,Independent,1,2
2416,Natural chain,1,5
1792,Independent,5,2
1068,C-Store,3,0
2448,Natural chain,3,5
2106,Independent,,5
1718,Alternative,9,1
2530,Natural chain,12,5
110,Independent,5,
2606,Natural chain,2,0
2531,Natural chain,12,5
169,Independent,1,2
2716,Independent,4,3
1517,Independent,8,3
1631,Online,5,1
2532,Natural chain,12,5
1804,Other,12,2
19,Independent,1,3
1715,Conventional,2,5
2209,Online,4,5
1002,Natural chain,2,5
1098,Natural chain,12,5
2418,Natural chain,1,5
1518,Alternative,8,3
2105,Online,4,1
1099,Natural chain,12,5
1673,Natural chain,12,4
1310,Other,3,2
1990,Other,5,2
467,,10,
589,,8,
2639,Independent,5,2
2449,Natural chain,3,5
2036,Online,2,1
2717,Alternative,,1
1574,Natural chain,2,5
2207,Natural chain,2,5
1335,Independent,2,5
1797,Other,3,2
2271,Independent,8,4
2364,Other,12,0
2643,Online,11,5
1717,Alternative,7,1
1152,Independent,4,1
2196,Other,3,0
1720,Other,3,1
2367,Alternative,,0
28,Independent,1,1
1541,Natural chain,2,5
246,Independent,2,
2365,Natural chain,2,5
199,Independent,2,
896,Independent,3,0
656,Natural chain,3,3
211,Independent,2,
1136,Natural chain,12,3
1519,Natural chain,12,3
101,Independent,1,
190,Independent,1,
2453,Natural chain,3,5
2241,Alternative,11,2
2675,Conventional,2,5
2273,Other,11,1
1505,Independent,4,2
2511,Natural chain,12,5
2272,Independent,4,2
1503,Natural chain,2,0
203,Natural chain,2,
539,,8,
2607,Other,10,0
697,Alternative,3,3
2718,Independent,8,3
2368,Independent,2,1
2369,Other,3,1
1981,Natural chain,4,4
1226,Independent,1,2
1972,Natural chain,4,4
1141,Natural chain,4,3
1520,Other,3,1
1886,Other,12,2
1514,Natural chain,12,3
2243,Natural chain,11,5
2061,Natural chain,2,5
2535,Natural chain,12,5
188,Independent,2,
1298,Independent,3,0
2460,Natural chain,3,5
274,Natural chain,2,5
2098,Online,4,1
2454,Natural chain,1,5
251,Natural chain,2,
255,Natural chain,2,
1803,Independent,2,3
2274,Independent,8,1
2329,Independent,2,5
1550,Independent,2,5
2642,Online,,2
674,Independent,2,
276,Natural chain,2,5
2456,Natural chain,1,5
219,Other,1,0
2458,Natural chain,3,5
2058,Independent,4,4
598,,8,
2676,C-Store,10,1
1527,Other,2,5
2242,Online,,0
702,Alternative,2,
1950,Natural chain,4,2
488,Independent,4,
2370,Independent,11,4
1580,Natural chain,2,5
2371,Online,,0
887,Natural chain,2,5
692,Independent,3,1
769,Independent,4,1
2677,Other,2,0
1894,Conventional,3,4
703,Independent,2,
1947,Online,4,5
2276,Independent,8,5
1902,Natural chain,2,5
2373,Other,,3
1089,Independent,2,5
1766,Online,2,5
1529,Other,12,1
1524,Alternative,5,2
1077,Independent,2,5
1780,Online,2,5
2461,Natural chain,3,5
2536,Natural chain,12,5
144,Independent,1,0
2537,Natural chain,12,5
2250,Online,,0
1927,Alternative,1,2
2278,Independent,2,4
1530,Natural chain,2,5
652,Natural chain,2,
989,Natural chain,4,1
804,Other,10,0
1263,Natural chain,3,5
2340,Independent,9,1
2033,Online,2,1
1044,Other,1,1
2277,Independent,,0
2251,Independent,,2
161,Independent,1,
1801,Online,4,4
633,Independent,3,1
1415,Natural chain,2,5
1283,Natural chain,3,5
758,Other,2,3
1537,Other,4,2
889,Alternative,5,0
1167,Independent,2,5
1692,Online,3,2
2100,Online,4,1
2051,Online,2,1
2618,Other,2,0
500,,2,
2678,Other,12,1
2510,Natural chain,12,5
2279,Natural chain,2,3
2197,Natural chain,11,0
2538,Natural chain,12,5
1176,Alternative,1,0
1800,Other,2,4
2094,Online,4,1
2374,Other,3,2
2463,Natural chain,3,5
270,Natural chain,2,
1666,Natural chain,12,3
1648,Alternative,9,2
1722,Alternative,8,2
1818,Independent,5,2
2465,Natural chain,3,5
2198,Natural chain,11,0
2280,Natural chain,2,3
602,Independent,4,
2470,Natural chain,3,5
1808,Natural chain,2,5
2375,Online,8,0
2467,Natural chain,3,5
1198,Natural chain,12,3
1506,Natural chain,12,3
1507,Natural chain,12,4
1484,Natural chain,4,4
2680,Conventional,2,0
2376,Other,9,1
1069,Independent,2,5
2475,Natural chain,3,5
416,,5,
2281,Independent,12,1
1649,Independent,10,0
1723,Natural chain,7,4
1562,Natural chain,3,3
1510,Other,12,2
2208,Independent,2,4
2641,Independent,7,0
1650,Alternative,8,4
2341,Alternative,9,1
1725,Online,2,5
805,Other,10,0
1810,Online,1,1
2031,Online,2,1
1148,Natural chain,12,2
1772,Online,2,5
2626,Natural chain,3,2
1149,Natural chain,12,3
1387,Natural chain,9,1
1295,Natural chain,1,3
1812,Other,3,2
1716,Independent,4,3
2681,Independent,,5
420,,9,
1137,Natural chain,12,3
1544,Natural chain,2,5
419,,8,
1793,Online,2,5
421,,3,
1771,Online,2,5
1727,Independent,2,5
1729,Independent,8,0
2645,Natural chain,3,0
1811,C-Store,2,2
934,Online,5,0
210,Natural chain,2,
2378,Independent,1,3
1606,Natural chain,11,5
2476,Natural chain,3,5
2533,Natural chain,12,5
1652,Other,3,1
1704,Other,3,1
2479,Natural chain,3,5
209,Natural chain,2,
1096,Natural chain,11,3
2282,Independent,,0
2226,Conventional,3,0
1599,Independent,8,3
807,Other,2,5
418,,8,
861,Independent,5,0
1522,Independent,3,2
411,,8,
2283,Other,,3
2165,Online,3,5
1378,Online,8,2
2667,Other,3,1
2284,Independent,4,1
2379,Other,8,1
2480,Natural chain,3,5
1551,Independent,3,2
2245,Online,4,5
548,,10,
1736,Other,12,2
2384,Online,4,5
1770,Online,2,5
1328,Natural chain,3,1
1776,Online,2,5
2275,Independent,11,0
2539,Natural chain,12,5
2540,Natural chain,12,5
1326,Natural chain,3,1
1382,Independent,3,1
2285,Other,,0
1669,Natural chain,12,4
559,,8,
808,Other,2,5
2286,Natural chain,3,2
575,,8,
1977,Natural chain,11,4
2156,Online,3,5
1360,Other,10,2
2254,Other,3,2
422,,2,
2679,Other,4,0
271,Natural chain,2,5
2481,Natural chain,3,5
1388,Independent,9,1
1285,Other,1,5
2383,Independent,9,1
1443,Alternative,2,1
1938,Online,4,5
506,,4,
2381,Online,4,5
1557,Alternative,7,2
1598,C-Store,3,2
1733,Online,8,2
2670,Other,4,5
1555,Online,5,2
1558,Alternative,10,1
1447,Natural chain,3,3
1731,Online,5,2
1301,Independent,3,3
2287,Other,3,1
2516,Independent,8,2
1738,Independent,4,3
2288,Other,2,1
1394,Independent,3,1
1732,Independent,8,2
1404,Independent,3,2
1783,Online,2,5
2541,Natural chain,12,5
2382,Online,4,5
185,Independent,2,
1665,Natural chain,12,4
603,,4,
1668,Natural chain,12,4
1965,Natural chain,11,4
1560,Other,3,1
1664,Natural chain,12,4
2542,Natural chain,12,5
811,Other,2,5
1559,Alternative,8,3
278,Natural chain,2,
1814,Online,12,2
1563,Other,2,5
2483,Independent,12,0
1566,Natural chain,2,5
1567,Other,2,5
425,,5,
2385,Natural chain,3,3
981,Independent,2,4
513,,10,
1353,Other,3,2
2496,Natural chain,13,5
1581,Natural chain,2,5
1571,Independent,5,2
2289,Natural chain,3,4
866,Independent,5,1
1321,Independent,2,5
2233,Independent,3,2
116,Other,1,
874,Independent,10,0
1876,Other,5,3
92,Independent,1,
523,,4,
1805,Independent,8,2
240,Independent,2,
1392,Online,3,1
1739,Other,12,1
1726,C-Store,1,0
514,,8,
1259,Independent,7,2
1202,Independent,12,2
1819,Independent,5,1
1734,Independent,3,2
649,Independent,2,
1094,Natural chain,2,5
294,Other,2,
1779,Online,2,5
2517,Independent,3,0
1642,Natural chain,11,3
1820,Other,3,1
1572,Independent,8,2
2227,Other,4,0
1134,Natural chain,12,3
919,Independent,4,0
1815,Natural chain,2,0
999,C-Store,3,1
2544,Natural chain,12,5
2644,Natural chain,4,1
1678,Independent,12,3
223,Independent,2,
1742,C-Store,3,1
2001,Natural chain,,0
2500,Natural chain,13,5
2543,Natural chain,12,5
1683,Other,2,3
1850,Other,4,0
1719,Natural chain,2,5
1672,Natural chain,12,4
1047,Alternative,10,2
1744,Other,12,2
2073,Independent,11,1
1749,Other,2,5
1746,Online,2,5
1667,Natural chain,12,3
717,Other,2,1
2041,Other,4,2
2000,Alternative,2,2
1595,Independent,2,0
1348,Independent,2,5
573,Alternative,8,
2358,Other,12,1
1821,Natural chain,11,5
1884,Other,2,2
227,Independent,2,
979,Alternative,2,3
2648,Other,2,1
2133,Natural chain,2,5
1691,Independent,2,3
1827,Conventional,2,5
1162,Independent,10,2
1171,Alternative,7,2
1565,Other,2,4
452,Other,2,
1748,Independent,10,3
1330,Natural chain,2,5
549,,8,
1832,Natural chain,4,4
1982,Natural chain,11,4
1688,Other,2,1
2546,Natural chain,12,5
1750,Alternative,10,1
279,Independent,2,
440,Independent,8,
1830,Independent,2,1
1689,Independent,8,2
2649,Online,12,1
1823,C-Store,10,1
1604,Other,12,0
1826,Conventional,2,5
555,Independent,8,
2502,Natural chain,13,5
2503,Natural chain,13,5
2214,Online,,1
466,Independent,4,
983,Independent,2,5
1956,Online,12,4
1837,Other,2,0
280,Other,1,
1829,Other,3,2
948,Natural chain,2,5
1462,Other,12,2
1318,Natural chain,2,5
1401,Online,1,2
1690,Other,3,1
2077,Independent,3,2
1694,Other,3,2
576,,8,
578,,8,
1839,Independent,8,2
2293,Natural chain,3,4
250,Natural chain,2,
489,,4,
490,Natural chain,2,
2550,Natural chain,12,5
1757,Online,8,3
2551,Natural chain,13,5
2344,Independent,7,1
429,,1,
988,Independent,2,5
1585,Natural chain,2,5
449,,8,
1846,Online,11,0
2504,Natural chain,13,5
1685,Conventional,2,5
939,Natural chain,4,0
2497,Natural chain,13,5
222,Independent,2,
2485,Natural chain,13,5
441,,9,
443,,10,
2558,Natural chain,13,5
74,Independent,1,0
1773,Online,2,5
451,,7,
1786,Online,2,5
1845,Online,12,3
2054,Online,2,1
1844,Other,2,3
1164,Natural chain,4,3
459,,10,
1233,Natural chain,9,5
470,,8,
2294,C-Store,5,2
1842,Other,11,3
2345,Online,4,5
238,Independent,1,1
456,,5,
195,Independent,2,
1848,Other,2,0
581,,8,
620,,4,
1840,Other,1,1
174,Independent,1,4
2553,Natural chain,13,5
473,,7,
281,Natural chain,2,
494,,8,
1479,Conventional,1,5
1276,Natural chain,2,5
193,Other,2,1
512,,5,
1789,Online,2,5
461,,9,
1426,Other,2,5
480,,9,
937,Natural chain,4,0
2346,Independent,2,3
464,,4,
2629,Independent,13,0
529,Independent,4,
2043,Independent,5,2
1809,Other,3,1
504,,8,
239,Independent,2,
258,Other,3,0
180,Independent,1,
518,Independent,7,
267,Natural chain,2,
531,,7,
535,,8,
2547,Natural chain,12,5
256,Independent,2,
552,,8,
259,Alternative,3,
1412,Natural chain,3,5
261,Other,2,
262,Independent,2,
562,,9,
528,,7,
1593,Natural chain,2,5
654,Other,1,0
551,,9,
2348,Independent,1,2
1849,Other,4,0
563,,8,
567,,8,
568,,8,
569,,8,
571,,8,
572,,8,
597,,8,
599,,8,
286,Other,2,
586,,8,
587,,8,
588,,8,
592,,8,
593,,8,
594,,8,
595,,8,
1234,Alternative,2,5
2520,Other,3,3
600,Alternative,8,
608,,9,
609,,9,
617,,8,
622,,8,
625,,10,
626,,8,
2215,Independent,,1
2523,Natural chain,12,5
796,Independent,2,5
2295,Natural chain,2,5
676,Alternative,3,2
298,Independent,1,
651,Alternative,8,
640,Natural chain,3,0
507,Other,8,2
53,Independent,1,0
956,Natural chain,4,0
607,,8,
610,,8,
1860,Other,8,0
1476,Independent,12,2
1862,Alternative,8,2
2297,Natural chain,3,5
2260,Online,2,3
695,Alternative,3,3
2291,Independent,2,4
113,Other,1,
1260,Other,3,3
2298,Conventional,2,5
2657,Other,4,0
677,Independent,2,
678,Independent,2,
645,Independent,8,
2682,Other,8,0
264,Independent,2,
2526,Natural chain,12,5
547,Alternative,8,
668,Independent,3,2
1258,Other,12,4
681,Natural chain,2,
794,Independent,2,4
2386,Other,12,1
2188,Online,3,5
2299,Other,3,2
2387,Independent,,1
1930,Online,4,5
1109,C-Store,4,0
1151,Natural chain,4,4
721,Other,2,1
1274,Natural chain,2,5
682,Natural chain,2,
2045,Other,5,3
2487,Natural chain,13,5
685,Natural chain,2,
686,Other,2,
714,Independent,2,1
716,Independent,2,1
2216,Natural chain,,2
1257,Conventional,1,4
1275,Natural chain,2,5
700,Alternative,1,0
723,Alternative,3,3
710,Alternative,3,2
2683,Independent,3,1
1238,Other,12,3
719,Other,2,2
2388,Conventional,11,0
1871,Other,2,0
2478,Natural chain,3,5
725,Other,2,2
731,Other,2,2
733,Independent,2,2
1304,Other,12,2
751,Other,2,5
2218,Natural chain,3,2
1467,Alternative,1,0
1867,Other,2,0
2185,Online,3,5
859,Independent,5,1
2564,Independent,4,1
2534,Natural chain,12,5
2351,Alternative,3,0
749,Other,2,2
2300,Conventional,1,2
1760,Independent,4,3
771,Natural chain,2,5
460,,4,
797,Independent,5,0
799,Alternative,10,0
2240,Independent,3,1
2414,Natural chain,3,5
64,Other,1,0
779,Other,8,2
785,Independent,5,1
786,Other,2,3
1868,Other,2,0
1869,Other,2,0
732,Independent,2,1
1444,C-Store,3,1
1674,Other,4,3
515,,5,
800,Alternative,10,0
1434,Natural chain,12,2
2302,Natural chain,,0
2301,Independent,11,0
2352,Other,4,1
2610,Online,4,0
877,Independent,10,2
881,Independent,10,2
853,Independent,5,2
854,Independent,5,1
856,Independent,8,0
933,Independent,3,1
865,Independent,5,0
816,Independent,5,1
1872,Other,2,0
876,Independent,2,3
949,Online,5,3
2671,Online,,1
892,C-Store,10,1
894,Independent,5,2
899,Independent,10,2
911,Independent,10,2
918,Other,2,4
1261,Natural chain,3,5
972,Natural chain,8,2
2390,Other,,4
925,C-Store,10,1
927,Independent,5,2
858,Independent,5,1
825,Alternative,8,1
852,Independent,5,1
1239,Other,3,0
1976,Natural chain,11,4
915,Alternative,4,0
921,Independent,10,2
924,Independent,10,2
1074,C-Store,8,0
2089,Natural chain,11,3
929,Natural chain,10,2
958,Natural chain,5,4
932,Online,8,0
2469,Natural chain,3,5
2304,Online,,4
938,Independent,5,2
1875,Other,12,2
946,Natural chain,5,4
2630,Independent,,1
961,Independent,8,2
954,Independent,7,1
955,Natural chain,8,4
2415,Natural chain,3,5
960,Online,10,3
2350,Independent,3,0
930,Natural chain,10,2
951,Independent,3,1
2103,Online,4,1
1010,Independent,2,5
2047,Online,,0
963,Independent,8,3
964,Independent,8,1
967,Independent,8,1
968,Independent,8,1
969,Independent,8,1
970,Independent,8,1
975,Online,10,2
1008,C-Store,3,1
985,Online,5,4
2347,Other,5,0
998,Alternative,10,2
1000,Alternative,10,3
977,Other,2,4
984,Online,7,4
1009,Independent,7,2
1005,Online,5,0
2392,Other,3,1
1939,Online,4,5
1139,Alternative,3,1
987,Alternative,10,2
1011,Online,8,2
1012,Alternative,8,1
1013,C-Store,10,2
1062,Alternative,8,2
1018,Independent,7,1
1024,Online,2,5
1026,Online,5,5
1251,Natural chain,2,5
1016,Natural chain,3,2
1065,Alternative,8,1
2353,Conventional,,0
1046,Alternative,9,1
2393,Natural chain,11,5
2489,Natural chain,13,5
1056,C-Store,8,0
1057,C-Store,8,0
1059,C-Store,8,0
2305,Independent,8,2
1114,Natural chain,3,3
2391,Other,1,1
2439,Natural chain,3,5
644,Independent,3,
1049,Independent,1,1
781,Independent,4,1
1021,Independent,2,5
1073,Independent,2,5
1696,Online,7,2
1072,Other,2,5
1110,Independent,8,2
1111,Independent,8,2
1082,Online,8,2
1083,Online,8,2
2490,Natural chain,13,5
2228,Natural chain,11,3
1091,Independent,11,2
1101,Online,10,2
2438,Natural chain,3,5
1108,Alternative,3,0
940,Online,5,4
1079,Alternative,5,2
1113,Independent,10,3
1055,Alternative,10,2
2567,Online,,5
2306,Independent,12,0
2566,Other,5,1
2204,Independent,1,2
1090,Independent,11,2
2355,Alternative,,0
1168,Alternative,10,1
1172,Independent,7,1
288,Other,3,0
1138,Independent,8,2
1183,C-Store,12,2
1150,Alternative,9,2
2492,Natural chain,13,5
1160,Alternative,7,2
1157,Independent,2,5
2395,Natural chain,2,5
1243,Independent,3,1
2217,Independent,3,0
1185,Independent,5,2
1186,Independent,5,2
242,Independent,2,
2229,Independent,,0
2372,Other,4,0
1192,Independent,3,1
2231,Natural chain,11,2
2397,Independent,12,0
1223,Conventional,2,5
1224,Independent,5,2
1269,Natural chain,3,5
1204,Independent,5,2
1254,Natural chain,3,5
178,Natural chain,2,
1211,Online,8,1
2521,Other,3,0
1213,Natural chain,2,5
1214,Alternative,2,5
2396,Other,3,1
1268,Other,3,5
2493,Natural chain,13,5
1222,Other,2,5
744,Independent,4,2
1220,C-Store,2,5
1219,Independent,2,5
496,,4,
213,Natural chain,2,
2307,Other,4,1
453,,8,
225,Independent,2,
1228,Natural chain,12,3
433,,8,
445,,8,
206,Independent,2,
1643,Natural chain,3,5
493,,8,
216,Independent,2,
220,Independent,2,
487,Independent,4,
820,Independent,5,1
1975,Natural chain,11,4
455,,8,
224,Independent,2,
2099,Online,4,1
214,Independent,2,
2049,Other,2,0
70,Independent,1,3
194,Independent,2,
217,Independent,2,
196,Natural chain,2,
1001,C-Store,3,0
2519,Other,3,3
1986,Natural chain,11,4
462,,8,
761,Alternative,8,1
1229,Alternative,3,1
465,Independent,5,2
245,Independent,2,
959,Online,3,1
233,Independent,2,
187,Independent,2,1
212,Independent,2,
236,Independent,2,
624,,3,
520,Independent,8,
688,,2,
2232,Independent,11,1
534,,9,
266,Other,2,
579,,8,
1549,Natural chain,11,5
1659,Online,11,3
2222,Other,3,1
200,Natural chain,2,
537,,8,
249,Independent,2,
253,Independent,2,
1042,Independent,4,0
641,Independent,8,
1085,Natural chain,1,2
565,,8,
254,Natural chain,2,
698,Alternative,3,2
2050,Independent,5,2
252,Natural chain,2,
269,Natural chain,2,
2687,Other,4,0
580,,8,
762,Alternative,8,0
1366,Online,4,2
265,Independent,2,
1086,Natural chain,1,2
263,Independent,2,
241,Independent,2,
229,Conventional,2,
228,Conventional,2,
544,,11,
2495,Natural chain,13,5
582,,8,
584,,8,
2075,Other,,2
612,,5,
616,,8,
618,,5,
1944,Online,4,5
590,,8,
2203,Independent,8,0
546,Independent,8,
745,Independent,2,2
994,Natural chain,4,1
2394,Independent,8,3
2611,Independent,,2
1357,Independent,3,0
2498,Other,3,1
2688,Other,4,0
1747,Other,3,2
764,Alternative,3,4
2074,Alternative,11,3
819,Independent,5,1
297,Independent,3,1
2110,Natural chain,2,5
841,Independent,4,0
788,Alternative,3,4
2134,Natural chain,2,5
2689,Other,4,0
1143,Other,4,1
2256,Natural chain,2,5
1914,Natural chain,11,5
689,Alternative,3,2
2076,Independent,11,2
1899,Other,3,2
1031,Independent,2,5
660,Alternative,1,
646,Alternative,3,1
1307,Natural chain,3,5
680,Alternative,3,2
670,Alternative,3,1
671,,8,
442,,2,
1325,Natural chain,4,3
673,Independent,3,3
763,Alternative,8,0
86,Independent,1,
432,Independent,4,0
730,Other,2,1
760,Alternative,8,1
817,Independent,5,2
818,Independent,5,1
776,Natural chain,2,5
883,Independent,2,4
826,Independent,8,0
822,Independent,5,1
823,Natural chain,5,2
824,Independent,5,2
2053,Conventional,2,3
1989,Online,4,4
672,Independent,2,
821,Independent,5,1
882,Independent,2,4
2612,Natural chain,3,2
885,Independent,10,2
1870,Other,2,0
832,Independent,5,2
1543,Natural chain,2,5
1721,Independent,4,3
834,Independent,5,1
849,Independent,3,1
837,Independent,5,0
867,Other,5,2
2559,Natural chain,13,5
869,Other,5,1
830,Alternative,3,1
847,Independent,5,2
848,Independent,5,1
850,Independent,5,1
851,Independent,5,2
860,Independent,5,1
864,Independent,2,4
838,Independent,5,1
868,Other,5,1
843,Independent,10,0
870,Independent,5,2
831,Independent,2,5
2246,Online,4,5
833,Independent,5,2
871,Independent,5,2
872,Independent,8,0
873,Independent,2,4
902,Independent,10,3
2632,Online,,1
941,Other,2,4
886,Independent,9,2
275,Natural chain,2,5
890,Independent,2,5
891,Independent,2,5
898,Natural chain,3,1
897,C-Store,3,0
900,Independent,10,1
108,Independent,1,
903,Independent,10,2
1190,Alternative,4,0
1187,Independent,1,1
907,Independent,10,2
908,Independent,10,2
909,Independent,10,1
910,Independent,10,2
511,,4,
917,Independent,10,1
1036,Independent,2,5
1189,Alternative,4,0
1041,Other,2,0
1708,Other,4,2
775,Natural chain,2,5
990,Independent,3,1
965,Independent,8,2
971,Independent,8,2
1034,Alternative,3,0
996,Alternative,3,0
1331,Independent,8,2
1881,Other,3,2
942,Natural chain,5,2
1022,Independent,2,5
1032,Independent,5,2
1052,Independent,2,5
1081,Online,8,4
1088,Natural chain,2,5
1030,Independent,4,0
1654,Other,4,2
1365,Online,1,2
1144,Independent,3,2
1369,Independent,4,2
601,Online,4,
1464,Alternative,3,1
1127,C-Store,12,3
1106,Independent,2,5
1103,Independent,5,2
201,Independent,2,
1120,Alternative,10,2
643,Independent,3,2
1300,Conventional,4,4
1456,Other,3,1
1682,Other,3,2
1095,Natural chain,11,3
658,Natural chain,3,3
642,Natural chain,3,2
1155,Independent,5,2
1154,Independent,5,2
2303,Other,3,0
1197,Independent,10,2
1284,Independent,8,2
746,Alternative,3,3
1547,Natural chain,2,5
2568,Online,,1
1173,Independent,7,2
296,Independent,3,
1622,Natural chain,3,2
914,Independent,1,0
2690,Natural chain,5,1
1104,Independent,2,2
1624,Natural chain,3,2
1286,Natural chain,2,5
1287,Natural chain,2,5
1941,Online,4,5
156,Natural chain,2,0
2569,C-Store,,0
1291,Natural chain,2,5
706,Alternative,3,3
1159,Independent,12,2
1313,Alternative,8,2
1343,Natural chain,3,5
1112,Independent,5,2
472,,3,
1194,Independent,3,1
1294,Other,3,0
663,Independent,3,2
1333,Independent,8,3
1296,Natural chain,3,5
550,,3,
536,,3,
1393,Natural chain,8,1
943,Independent,5,0
1244,Independent,3,1
1312,Other,2,5
1184,Alternative,3,1
1320,Alternative,10,2
1322,Independent,2,5
1323,Independent,2,5
1324,Alternative,7,1
980,Online,8,1
1342,Natural chain,3,5
2570,Online,1,1
1308,Independent,3,2
1332,Natural chain,3,1
1121,Natural chain,3,1
2309,Alternative,12,1
1346,Natural chain,3,5
1960,Online,2,5
1340,Other,2,5
1218,Natural chain,4,3
1299,Online,9,3
1349,Online,10,1
1347,Online,2,5
1245,Independent,3,1
1362,Independent,7,1
1363,Alternative,10,3
1354,Other,3,2
2343,Other,3,1
1370,Independent,8,1
1372,Independent,8,1
2311,Other,9,1
1532,Natural chain,2,5
1758,Independent,4,3
244,Independent,1,0
1368,Online,10,2
1384,Natural chain,2,5
1383,Natural chain,2,5
1676,Natural chain,4,3
739,Alternative,4,3
176,Natural chain,1,
1373,Independent,8,1
1376,Alternative,8,2
1344,Natural chain,3,5
1371,Independent,7,0
1377,Online,7,1
1195,Natural chain,4,3
1352,Independent,3,0
1379,Other,3,2
1406,Alternative,7,1
1410,Alternative,7,3
1386,Other,3,2
1396,Independent,5,1
1397,Independent,8,2
1398,Alternative,10,4
1399,Independent,10,2
1400,Independent,7,4
2312,C-Store,,1
1395,Online,8,3
1714,Other,3,1
1381,Independent,10,1
1411,Alternative,9,1
2219,Online,2,0
1414,Online,8,4
1418,Alternative,8,4
1422,Alternative,3,2
1423,Alternative,9,2
1428,Alternative,8,3
629,Natural chain,3,2
1449,Alternative,8,2
1451,Alternative,10,1
1430,Natural chain,3,2
2102,Online,4,1
2572,Independent,4,1
503,,4,
1436,Online,5,3
160,Independent,1,
1439,Alternative,3,1
1448,C-Store,10,2
554,,8,
1123,Natural chain,2,5
1454,Natural chain,5,3
1350,Natural chain,3,5
415,,9,
495,,9,
2573,Online,,0
1452,Alternative,9,2
726,Alternative,3,2
2003,Other,,1
613,,5,
621,,8,
574,,8,
2636,Conventional,12,2
424,,5,
711,Alternative,8,0
1282,Natural chain,3,5
2315,Alternative,5,0
2518,Other,3,3
479,,5,
1093,Independent,2,5
2313,Independent,3,0
2314,Online,8,1
829,Alternative,3,0
527,,8,
628,Other,4,0
417,,5,
447,,5,
502,,5,
423,,5,
976,Online,3,1
51,Independent,1,1
766,Alternative,5,0
458,,8,
2613,Other,4,0
477,,1,
2135,Online,4,1
540,Alternative,4,1
1887,Independent,3,1
1461,Alternative,7,2
1262,Natural chain,3,5
675,Independent,2,2
1545,Natural chain,2,5
978,Online,3,1
604,,8,
2068,Other,3,2
1470,Independent,8,2
1477,Natural chain,3,2
1471,Alternative,3,1
1442,Alternative,3,1
783,Natural chain,10,5
508,Independent,3,
505,,5,
558,,8,
583,Independent,8,
1020,Online,9,1
992,Alternative,3,3
2111,Natural chain,2,5
957,Natural chain,4,0
679,Independent,2,
1478,Online,7,2
2316,Online,2,2
997,Alternative,5,1
2317,Online,5,2
1523,Other,4,3
2614,Independent,3,2
2004,Independent,5,2
803,Other,2,5
1250,Independent,8,2
2247,Online,4,5
1078,Independent,2,5
561,,8,
691,Independent,3,3
623,,4,
1473,C-Store,1,1
1264,Natural chain,3,5
2574,Conventional,8,2
1432,Online,8,2
2008,Alternative,1,1
1546,Natural chain,2,5
2270,Online,4,5
627,,5,
1255,Independent,3,1
1215,Alternative,3,0
1361,Independent,10,2
1390,Alternative,10,4
1408,Alternative,5,2
2048,Online,2,3
1359,Alternative,3,1
1281,Independent,3,3
1438,Online,2,3
2057,Online,,5
611,,4,
1270,Natural chain,3,5
1210,Independent,3,1
1279,Natural chain,3,5
1216,Online,12,2
1460,Online,7,2
1469,Alternative,7,2
1453,Alternative,5,2
1457,Online,10,3
1737,Natural chain,4,4
2220,Independent,2,1
1297,Natural chain,2,5
1356,C-Store,12,2
1573,Natural chain,2,5
1446,Other,2,2
1140,Natural chain,3,1
444,Independent,3,
720,Alternative,4,2
974,Independent,3,1
1119,Other,3,0
1293,Independent,2,5
1389,Other,3,0
1336,Conventional,3,3
1367,Alternative,3,2
1280,Other,2,5
1615,Independent,1,0
1135,Independent,12,3
1540,Natural chain,2,5
215,Independent,2,
431,,8,
1531,Natural chain,2,5
1037,Other,2,5
293,Other,3,1
901,Independent,2,4
1092,Independent,2,5
884,Independent,2,5
863,Other,2,4
814,Other,2,5
1087,Alternative,2,4
1487,Natural chain,11,5
2575,Alternative,2,5
806,Other,2,5
734,Other,2,2
729,Other,2,2
1242,Other,4,5
2308,Independent,9,1
657,Natural chain,3,3
709,Alternative,3,3
1409,Alternative,7,2
1339,Alternative,5,1
501,Independent,3,2
1943,Online,4,5
789,Alternative,2,0
450,,8,
1542,Natural chain,2,5
2515,Independent,5,1
410,,8,
412,,7,
186,Independent,1,0
2576,Alternative,2,5
437,,7,
439,,9,
482,,8,
560,,3,
693,Alternative,3,3
647,Other,8,2
1597,Other,3,0
446,,9,
2320,Natural chain,2,5
639,Alternative,2,
111,,1,
2319,C-Store,,3
1973,Natural chain,11,4
798,Independent,5,0
835,Independent,5,2
845,Independent,5,1
846,Independent,5,2
916,Independent,10,2
718,Other,2,1
1221,Independent,1,2
926,Independent,10,1
944,Online,5,4
962,Independent,8,2
2186,Online,3,5
2052,Independent,4,3
1385,Alternative,7,1
1375,Independent,7,2
862,Natural chain,8,0
1485,Natural chain,4,4
922,Natural chain,10,2
1128,Online,8,1
1493,Online,5,2
1495,Independent,8,2
928,Independent,10,2
2354,Other,3,1
973,Online,3,1
1967,Natural chain,11,4
842,Alternative,3,0
1838,Independent,8,2
2691,Independent,7,1
2136,Online,4,1
1873,Other,2,3
1891,Natural chain,1,1
1338,Other,4,2
2627,Natural chain,3,2
1490,Online,3,0
2628,Natural chain,3,2
1889,Independent,,2
2565,Independent,11,2
2684,Other,11,4
1492,Alternative,3,1
1445,Other,4,2
2321,Other,3,1
1417,Other,3,1
1489,Alternative,3,1
1877,Other,2,0
1625,Natural chain,3,2
1964,Natural chain,11,4
469,Independent,4,
1199,C-Store,12,3
2693,Independent,,5
2686,Other,4,0
1125,Natural chain,12,3
2018,Alternative,3,1
1481,Natural chain,4,4
2104,Online,4,1
1896,Conventional,3,4
2322,C-Store,12,1
198,Independent,2,
2020,Alternative,3,1
1898,Independent,3,1
2505,Independent,9,0
2578,Online,4,1
2290,Natural chain,3,5
1968,Natural chain,11,4
1974,Natural chain,11,4
777,Independent,4,3
2694,Other,,5
2324,Online,,2
2083,Other,3,0
2022,Alternative,3,1
1874,Independent,4,4
2318,Independent,7,1
2021,Alternative,3,1
2323,Other,3,1
2080,Other,3,0
1907,Online,,2
2067,Independent,2,2
2608,Independent,4,0
1888,Other,2,3
2082,Other,3,0
2325,Independent,4,1
2081,Other,3,0
2579,Other,3,0
1768,Online,2,5
1763,Online,2,5
1785,Online,2,5
1751,Natural chain,8,3
2398,Natural chain,1,1
1657,Online,2,3
1632,Online,3,3
1635,Online,2,3
1314,Independent,3,2
694,Alternative,3,3
1097,Natural chain,11,4
2499,Other,3,0
1730,Other,4,3
532,,4,
1961,Independent,2,2
1634,Online,12,3
1680,C-Store,2,3
2326,Independent,12,1
1980,Natural chain,11,4
1802,Online,2,5
1790,Online,2,5
2085,Other,3,0
690,Alternative,3,1
1637,Online,3,5
2056,Online,2,1
1807,Online,1,0
2087,Other,3,0
2399,Online,4,4
1784,Online,2,5
2327,Conventional,3,1
454,Natural chain,12,3
2088,Other,3,0
1482,Natural chain,4,4
2148,Natural chain,2,5
2108,Natural chain,2,5
2107,Natural chain,2,5
2084,Other,3,0
1249,Alternative,3,1
1774,Online,2,5
1025,Independent,3,1
1710,Other,4,2
1641,Natural chain,11,3
1775,Online,2,5
1781,Online,2,5
1787,Online,2,5
2389,Independent,3,2
2027,Natural chain,3,5
1778,Online,2,5
2328,C-Store,3,3
2024,Independent,7,2
2086,Other,3,0
2069,Independent,,0
2112,Natural chain,2,5
1629,Natural chain,3,2
2140,Natural chain,2,5
2113,Natural chain,2,5
2114,Natural chain,2,5
2005,Alternative,,0
2025,Online,,5
2070,Online,,0
2071,Other,,0
2120,Natural chain,2,5
1556,Other,3,2
1647,Other,3,1
2408,Other,8,4
2115,Natural chain,2,5
2118,Natural chain,2,5
2117,Natural chain,2,5
2116,Natural chain,2,5
2119,Natural chain,2,5
1169,Independent,4,2
1777,Online,2,5
2123,Natural chain,2,5
103,Natural chain,1,
1640,Natural chain,11,3
2562,Natural chain,13,5
1769,Online,2,5
1767,Online,2,5
662,Alternative,3,2
1488,Independent,2,5
1076,Alternative,3,0
1441,C-Store,3,1
1764,Online,2,5
1267,Natural chain,3,5
1217,Natural chain,2,5
1908,Other,3,0
1038,Conventional,3,5
2040,Online,4,1
497,,4,
2401,Independent,,0
2122,Natural chain,2,5
1289,Natural chain,3,5
2139,Natural chain,2,5
2380,Natural chain,3,5
2109,Natural chain,2,5
2330,Independent,8,0
950,Independent,4,1
1627,Natural chain,3,2
2660,Online,,1
1623,Natural chain,3,2
2252,Online,4,1
1196,Alternative,12,2
1626,Natural chain,3,2
2402,Natural chain,3,5
2146,Natural chain,2,5
2026,Independent,10,1
1561,Alternative,12,2
1628,Natural chain,3,2
2583,Alternative,5,1
2377,Other,11,1
1639,Natural chain,11,3
1433,Natural chain,12,3
1619,Natural chain,3,2
1617,Natural chain,3,2
2584,Online,4,1
1836,Natural chain,4,4
2625,Natural chain,3,2
2014,Alternative,1,1
1575,Natural chain,2,5
1576,Natural chain,2,5
1909,C-Store,,0
1271,Natural chain,3,5
2063,Online,4,5
2125,Natural chain,2,5
1145,Independent,8,2
2124,Natural chain,2,5
2126,Natural chain,2,5
2127,Natural chain,2,5
1039,Independent,4,0
1712,Other,4,3
2090,Natural chain,3,5
2078,Independent,8,0
1901,Natural chain,2,5
1906,Natural chain,2,5
1915,Natural chain,8,5
2403,Independent,4,1
2143,Natural chain,2,5
1620,Natural chain,3,2
2144,Natural chain,2,5
1905,Natural chain,2,5
2141,Natural chain,2,5
510,Independent,4,
993,Independent,2,5
2145,Natural chain,2,5
1290,Natural chain,3,5
2400,C-Store,8,3
1118,C-Store,4,1
1311,Conventional,4,4
2484,Conventional,3,1
2019,Alternative,3,1
1587,Natural chain,2,5
1588,Natural chain,2,5
1590,Natural chain,2,5
1903,Natural chain,2,5
1105,Natural chain,2,5
2253,Other,4,4
655,Natural chain,3,3
1592,Natural chain,2,5
1900,Natural chain,2,5
1591,Natural chain,2,5
553,Independent,4,
2582,Other,3,2
149,Conventional,2,
879,Natural chain,2,5
1142,Natural chain,4,3
1978,Natural chain,11,4
1071,Other,4,0
1897,Natural chain,2,5
2507,Natural chain,12,5
637,Independent,3,1
1912,Natural chain,2,5
1916,Natural chain,8,5
1795,Independent,4,4
1910,Independent,11,4
1029,Natural chain,4,0
1913,Natural chain,2,5
117,Independent,1,
2062,Independent,,3
2696,Natural chain,3,5
1847,Other,4,2
435,,4,
1911,Natural chain,2,5
486,,4,
2404,Other,2,0
1334,Natural chain,2,5
1117,C-Store,4,0
2153,Other,3,0
1917,Natural chain,2,3
1278,Natural chain,2,5
1918,Natural chain,2,3
1919,Natural chain,2,3
810,Other,2,5
812,Other,2,5
1516,Other,4,2
1351,Independent,4,2
735,Alternative,4,2
1922,Natural chain,2,5
1521,Independent,5,1
1825,Conventional,2,5
704,Alternative,3,1
1921,Online,2,4
1695,Online,3,2
1735,Conventional,3,3
827,Alternative,3,1
20,Independent,1,3
1928,Online,,1
2406,Independent,3,1
2409,Other,11,1
743,Alternative,4,3
2652,Other,3,1
1924,Online,,0
1955,Independent,2,1
1256,Conventional,4,4
1420,Other,8,2
2411,Natural chain,11,5
2405,Other,3,1
1929,Other,2,2
880,Independent,2,4
1693,Online,3,2
1926,Natural chain,2,5
2407,Independent,,1
1935,Online,4,5
2410,Conventional,2,5
2128,Natural chain,2,5
2046,Independent,3,0
1427,Other,2,5
1951,Other,3,2
1752,Independent,4,3
1569,Natural chain,12,3
98,Independent,1,
1621,Natural chain,3,2
1058,Independent,1,1
1841,Other,4,4
2225,Independent,4,2
1958,Independent,5,2
1788,Online,2,5
468,Alternative,4,0
1500,Independent,3,1
2585,Independent,3,0
1638,Natural chain,11,3
1952,Other,,1
2065,Other,10,3
481,,4,
2653,Other,2,1
1116,Natural chain,4,3
43,Independent,1,4
1402,Independent,2,4
1959,Independent,8,3
1603,Other,12,2
1957,Independent,5,1
1970,Natural chain,11,4
1963,Other,3,5
56,Independent,1,2
1954,Online,12,4
519,Independent,2,
1920,Independent,5,2
1798,Other,4,3
2697,Online,3,2
1817,Other,3,2
1966,Natural chain,11,4
840,Natural chain,4,1
1979,Independent,2,4
1987,Online,,0
1240,Alternative,1,0
2079,Natural chain,2,5
1315,Natural chain,3,1
2129,Natural chain,2,5
1740,Independent,2,0
526,Independent,4,
1988,Alternative,,0
2244,Online,4,5
1962,Natural chain,3,5
2130,Natural chain,2,5
2131,Natural chain,2,5
1923,Natural chain,2,5
787,Alternative,3,4
1246,Natural chain,3,1
2149,Natural chain,2,5
2695,Independent,,1
197,Independent,2,
1857,Other,4,0
1799,Other,4,4
661,Independent,4,
596,,4,
205,Independent,2,
1380,Natural chain,4,4
272,Natural chain,2,5
1061,Natural chain,4,1
619,,4,
1607,Natural chain,12,3
1852,Other,4,0
2698,Online,,0
2586,C-Store,,5
1483,Natural chain,4,4
773,Natural chain,2,5
2151,Natural chain,2,5
2150,Natural chain,2,5
1584,Natural chain,2,5
77,Independent,1,3
1618,Natural chain,3,2
2581,Other,3,2
1205,Online,1,1
648,Natural chain,3,2
273,Natural chain,2,5
1209,Other,4,4
653,Alternative,2,
2147,Natural chain,2,5
277,Natural chain,2,5
1759,Independent,4,3
2587,Independent,3,1
2588,Online,2,5
1416,Independent,2,5
2616,Conventional,,0
793,Independent,1,2
1203,Independent,12,2
1526,Other,2,5
541,Alternative,1,
543,Independent,4,
1337,Independent,4,2
471,,4,
1843,Online,1,2
2589,Online,12,5
650,Natural chain,4,
1303,Natural chain,4,3
1971,Natural chain,11,4
1985,Natural chain,11,4
1450,Conventional,4,4
2155,Online,3,5
2160,Online,3,5
1553,Natural chain,4,1
2163,Online,3,5
2161,Online,3,5
2159,Online,3,5
696,Alternative,3,3
1208,Online,1,1
499,,4,
913,Independent,4,0
1133,C-Store,4,3
953,Natural chain,4,1
1146,Other,4,3
1019,Online,4,1
813,Independent,1,1
1713,Natural chain,2,5
1893,Other,3,2
2166,Online,3,5
1131,Independent,12,2
2158,Online,3,5
192,Independent,2,0
2591,Online,13,5
542,,4,
2230,Online,4,4
2167,Online,3,5
1936,Online,4,5
1015,Other,2,0
1582,Natural chain,2,5
2164,Online,3,5
1946,Online,4,5
614,,4,
2172,Online,3,5
1165,Independent,4,1
2180,Online,3,5
2590,Online,,0
1539,Natural chain,4,4
164,Independent,1,0
740,Alternative,4,3
2194,Online,3,5
2195,Online,3,5
1806,Other,4,3
2482,Online,9,0
1053,Natural chain,1,2
2592,Online,1,5
1644,C-Store,4,3
128,Independent,1,3
2187,Online,3,5
2191,Online,3,5
1329,Natural chain,3,1
1327,Natural chain,3,1
2571,Other,7,1
1341,Natural chain,3,5
2593,Online,2,5
2190,Online,3,5
1188,Natural chain,4,5
218,Independent,2,
912,Natural chain,3,1
1355,Other,4,2
828,Alternative,3,0
995,Independent,4,2
1435,Alternative,1,1
1586,Natural chain,2,5
1466,Independent,12,2
492,,4,
2193,Online,3,5
1616,Natural chain,3,2
2462,Natural chain,3,5
905,Natural chain,4,0
2594,Other,9,1
1983,Natural chain,11,4
683,Other,2,
755,Independent,1,3
1904,Natural chain,2,5
931,Other,3,1
1866,Other,11,0
2034,Online,2,1
895,Natural chain,3,1
159,Other,1,
1684,Natural chain,2,5
2595,Independent,5,0
474,Independent,4,
2009,Alternative,1,1
2039,Online,4,1
2474,Natural chain,3,5
2452,Natural chain,3,5
1863,Other,11,0
2599,Other,12,1
1040,Independent,4,0
1882,Independent,3,2
2451,Natural chain,3,5
1191,Alternative,4,0
636,Natural chain,3,1
748,Other,4,0
2202,Independent,12,1
58,Independent,1,3
1014,Independent,4,0
2700,Independent,8,2
2457,Natural chain,3,5
530,,4,
2699,Independent,7,0
1533,Independent,4,2
1535,Independent,1,1
2221,Natural chain,8,1
606,,4,
2097,Online,4,1
1178,C-Store,4,3
2552,Natural chain,13,5
2044,Online,4,3
2701,Independent,,0
428,Independent,4,
50,Independent,1,5
2466,Natural chain,3,5
2417,Natural chain,3,5
2665,Natural chain,3,3
1538,Other,1,1
516,Independent,4,
2450,Natural chain,3,5
2703,C-Store,4,2
151,Natural chain,1,
1472,Independent,1,1
2702,Independent,,0
1707,Other,4,2
2561,Natural chain,13,5
1656,Other,4,2
1942,Online,4,5
2459,Natural chain,3,5
35,Natural chain,1,
747,Independent,4,2
2705,Natural chain,2,5
221,Independent,1,2
485,Independent,4,
1677,Other,4,3
2704,Natural chain,3,5
538,,4,
591,Independent,4,
2464,Natural chain,3,5
1554,Independent,4,2
1115,Independent,4,2
150,Other,1,0
2706,Independent,5,0
1006,Natural chain,4,1
2473,Natural chain,3,5
1075,Independent,4,0
2707,Independent,3,0
1007,Natural chain,4,2
2349,Online,,1
737,Alternative,4,3
2412,Natural chain,11,5
857,Other,1,1
2444,Natural chain,3,5
2708,Online,,4
1374,Alternative,9,1
1931,Online,4,5
1158,Independent,4,2
2468,Natural chain,3,5
1405,Other,4,4
2434,Natural chain,3,5
1166,Conventional,4,3
2710,Independent,2,0
2709,Independent,1,0
1675,Other,4,2
2577,Online,4,1
2064,Independent,1,3
2447,Natural chain,3,5
1043,Natural chain,4,0
742,Alternative,4,3
1465,Online,3,1
45,Independent,1,2
1855,Other,4,0
1741,Other,4,3
1856,Other,4,0
2037,Online,4,1
1828,Other,4,3
1933,Online,4,5
556,,4,
2600,Independent,,1
759,Alternative,4,1
1045,Natural chain,4,0
1391,Other,4,5
1833,Natural chain,4,4
1865,Other,11,0
2601,Natural chain,2,2
1536,Other,4,2
1762,Independent,4,3
754,Other,4,0
1594,Online,4,2
966,Independent,4,2
1728,Other,4,2
1067,Alternative,4,0
1419,Independent,4,3
741,Alternative,4,3
585,,4,
1932,Online,4,5
1754,Other,4,5
1458,Independent,4,3
566,,4,
768,Natural chain,4,0
2455,Natural chain,3,5
738,Alternative,4,3
757,Alternative,4,0
1686,Other,4,1
778,Alternative,4,1
780,Alternative,4,1
605,,4,
2602,Online,,0
767,Natural chain,4,1
1004,Natural chain,4,0
736,Alternative,4,3
665,Natural chain,4,
570,Natural chain,4,2
475,Independent,4,
801,Natural chain,4,2
545,Alternative,4,
1066,C-Store,4,1
525,Independent,4,
1003,Independent,4,0
1724,Other,4,2
1201,Independent,4,2
1064,Other,4,0
1207,Independent,4,3
1755,Other,4,5
577,,4,
1655,Other,4,2
1934,Online,4,5
522,Independent,4,
765,Natural chain,4,1
1130,Independent,4,1
1309,Natural chain,4,3
1358,Independent,3,1
483,Alternative,4,
491,Alternative,4,0
615,Independent,4,
836,Natural chain,4,1
1316,Other,4,3
1636,Online,4,3
1302,Natural chain,4,3
476,,4,
1236,Natural chain,4,4
1345,Other,4,2
564,Natural chain,4,1
484,,4,
557,,4,
2038,Online,4,1
1277,Independent,4,2
533,Independent,4,
463,,4,
2623,Online,4,5
1854,Other,4,0
1182,Independent,4,1
986,Natural chain,4,0
1080,Independent,4,0
1180,C-Store,4,3
906,Natural chain,4,0
770,Natural chain,4,0
1858,Other,4,0
1153,Natural chain,4,2
1424,C-Store,4,2
524,,4,
2096,Online,4,1
1953,Online,4,4
1945,Online,4,5
1948,Online,4,5
1940,Online,4,5
1102,Other,4,1
2101,Online,4,1
1132,Independent,4,3
2604,Alternative,3,2
2631,Other,8,0
2603,Conventional,11,4
1834,Natural chain,4,4
1949,Online,4,5
1181,Independent,4,1
1851,Other,4,0
2095,Online,4,1
1179,Natural chain,4,3
1170,Natural chain,4,5
2619,Independent,10,0
1984,Natural chain,11,4
2442,Natural chain,3,5
1859,Other,4,0
2201,Online,4,1
2138,Online,4,1
2137,Online,4,1
2200,Online,4,1
1853,Other,4,0
2620,Independent,8,1
2422,Natural chain,1,5
2597,Independent,9,1
2598,Online,4,5
2425,Other,,2
2617,C-Store,4,2
2621,Independent,11,5
1646,Alternative,3,1
2512,Alternative,3,0
2059,Other,5,4
2423,Other,3,2
2580,Independent,2,5
1994,Online,3,5
2634,Independent,3,1
2366,Natural chain,2,5
1864,Other,11,0
772,Natural chain,2,5
2635,Independent,3,2
2360,Other,3,1
2441,Natural chain,3,5
2609,Other,4,3
1996,Online,3,5
2633,Independent,7,2
1163,C-Store,4,3
2624,Natural chain,3,2
2471,Natural chain,3,5
2435,Natural chain,3,5
2445,Natural chain,3,5
2443,Natural chain,3,5
2637,Independent,8,1
1670,Natural chain,12,4
2184,Online,3,5
2183,Online,3,5
2249,Independent,12,2
2548,Natural chain,12,5
2506,Natural chain,12,5
2446,Natural chain,3,5
2440,Natural chain,3,5
2477,Natural chain,3,5
669,Independent,3,2
2189,Online,3,5
72,Independent,1,3
1658,Online,12,3
2179,Online,3,5
2169,Online,3,5
2168,Online,3,5
2157,Online,3,5
2154,Online,3,5
1999,Online,3,5
1998,Online,3,5
791,Alternative,1,0
1992,Online,3,5
2646,Natural chain,3,0
2647,Natural chain,3,0
2563,Natural chain,13,5
2545,Natural chain,12,5
2560,Natural chain,13,5
2555,Natural chain,13,5
2650,C-Store,12,2
2651,Online,2,5
2182,Online,3,5
2654,Other,4,5
2557,Natural chain,13,5
2181,Online,3,5
2549,Natural chain,12,5
2556,Natural chain,13,5
2554,Natural chain,13,5
2486,Natural chain,13,5
2488,Natural chain,13,5
2170,Online,3,5
1997,Online,3,5
2491,Natural chain,13,5
2501,Natural chain,13,5
2662,Other,7,1
2668,Alternative,2,3
2615,Independent,8,4
2663,Independent,,2
1883,Online,8,0
2661,Independent,3,2
2655,Other,4,0
1699,Other,1,1
2656,Other,4,0
2666,Online,8,0
2669,Independent,9,1
68,Independent,1,4
57,Independent,1,4
2664,Other,1,0
37,Other,1,
119,Independent,1,
1252,Alternative,1,1
130,Independent,1,1
170,Independent,1,0
143,Independent,1,0
1364,Independent,1,1
87,Independent,1,
724,Alternative,1,0
2248,Other,1,2
121,Independent,1,
237,Independent,1,0
1107,Online,1,1
2426,Natural chain,1,5
2432,Natural chain,1,5
2431,Natural chain,1,5
48,Independent,1,
839,Independent,1,2
17,Independent,1,
137,Independent,1,
1455,Alternative,1,0
1273,Conventional,1,5
40,Independent,1,2
2152,Other,1,5
632,Independent,1,
120,Independent,1,
291,Independent,1,
15,Independent,1,3
226,Independent,1,0
728,Independent,1,1
61,Independent,1,3
295,,1,
112,Independent,1,
2658,Independent,3,2
1305,Alternative,1,0
59,Independent,1,2
1122,Independent,1,1
1661,Online,1,3
1247,Alternative,1,0
268,Independent,1,0
289,Independent,1,0
292,Natural chain,1,
1429,Alternative,1,0
32,Independent,1,5
2023,Alternative,1,1
100,Natural chain,1,
179,Independent,1,0
784,Independent,1,1
2006,Alternative,1,1
184,Natural chain,1,
96,Independent,1,
42,Independent,1,3
125,Other,1,
231,Independent,1,0
1177,C-Store,1,1
1437,Alternative,1,1
129,Independent,1,
299,Other,1,
1608,Other,1,0
8,Independent,1,2
708,Other,1,0
127,Independent,1,0
1231,Natural chain,1,1
1237,Alternative,1,0
1687,Independent,1,0
2413,Natural chain,1,5
1630,Other,1,0
448,,1,
2016,Alternative,1,1
1156,Independent,1,1
88,Independent,1,
146,Other,1,
162,Independent,1,0
1831,Other,1,1
1660,Online,1,3
1050,Independent,1,2
114,Independent,1,
132,Independent,1,
69,Independent,1,2
84,Independent,1,
1174,Independent,1,2
1063,Natural chain,1,1
90,Independent,1,
102,Natural chain,1,
2017,Alternative,1,1
2013,Alternative,1,1
93,Independent,1,
1570,Alternative,1,2
10,Independent,1,4
427,,1,
1679,Independent,1,0
1745,C-Store,1,0
154,Other,1,0
66,Independent,1,5
204,Independent,1,
60,Independent,1,3
80,Independent,1,
1504,Other,1,1
753,Alternative,1,0
81,Independent,1,0
1100,Independent,1,2
171,Independent,1,0
1468,Alternative,1,1
54,Independent,1,1
22,Independent,1,
135,Independent,1,
1475,Alternative,1,1
707,Other,1,
52,Independent,1,
105,Independent,1,
189,Independent,1,
631,Independent,1,1
107,Independent,1,
1035,Online,1,1
91,Independent,1,
920,C-Store,1,0
181,Natural chain,1,
104,Independent,1,
1501,Other,1,1
89,Independent,1,
175,Other,1,0
1880,Independent,1,0
1662,Online,1,3
14,Independent,1,
133,Independent,1,
109,Independent,1,
1653,Independent,1,4
155,Independent,1,0
1513,Other,1,1
65,Independent,1,2
285,Independent,1,0
1431,Alternative,1,3
1232,Independent,1,2
1413,Alternative,1,0
76,Independent,1,
1266,Alternative,1,0
414,,1,
1600,Other,1,1
699,Alternative,1,
75,Independent,1,3
1813,Online,1,1
166,Independent,1,0
31,Independent,1,3
705,Alternative,1,0
722,Alternative,1,0
1403,Alternative,1,0
792,Other,1,2
230,Independent,1,1
2010,Alternative,1,1
243,Other,1,
1497,Natural chain,1,4
1663,Online,1,3
1161,Independent,1,1
142,Independent,1,1
1756,Other,1,0
1212,Independent,1,1
438,Independent,1,
1633,Online,1,3
750,Other,1,0
2015,Alternative,1,1
2011,Alternative,1,1
78,Independent,1,3
124,Other,1,
630,Independent,1,
715,Alternative,1,1
106,Independent,1,
1200,C-Store,1,1
18,Independent,1,3
145,Independent,1,
27,Independent,1,2
1502,Independent,1,1
23,Independent,1,3
44,Independent,1,2
1084,Independent,1,1
1993,Online,3,5
82,Independent,1,
2007,Alternative,1,1
1206,Independent,1,1
659,Other,1,
147,Other,1,0
202,Other,1,
153,Independent,1,
1425,Alternative,1,0
521,,1,
131,Independent,1,
172,Independent,1,0
1743,Other,1,0
85,Independent,1,
664,Independent,1,
95,Independent,1,0
34,Independent,1,
1027,Other,1,1
2012,Alternative,1,1
55,Independent,1,2
687,,1,
635,Alternative,1,
1126,Natural chain,1,2
165,Independent,1,0
138,Independent,1,
21,Independent,1,3
1070,Independent,1,0
67,Independent,1,2
1609,Other,1,0
94,Independent,1,
1230,Online,1,2
1681,Other,1,0
30,Independent,1,3
83,Independent,1,
1060,Conventional,1,3
666,Other,1,4
134,Independent,1,
163,Independent,1,1
1241,Alternative,1,0
36,Independent,1,
168,Independent,1,0
287,Independent,1,
139,Independent,1,
39,Independent,1,
1051,Independent,1,2
752,Independent,1,2
158,Independent,1,
290,Alternative,1,
208,Independent,1,0
1496,Other,1,1
284,Other,1,
41,Independent,1,2
207,Independent,1,
123,Other,1,
126,,1,
498,,1,
99,Independent,1,
46,Independent,1,1
157,Independent,1,
2171,Online,3,5
413,Independent,1,
140,Independent,1,
12,Independent,1,3
248,Independent,1,
247,Independent,1,
62,Independent,1,2
183,Natural chain,1,
260,Independent,1,
1499,Other,1,1
141,Independent,1,
25,Independent,1,3
1515,Other,1,1
1645,Online,1,0
33,Independent,1,
1822,Online,1,2
191,Other,1,
1421,Alternative,1,1
1253,Alternative,1,0
1700,Other,1,1
2672,Independent,5,2
63,Independent,1,2
148,Alternative,1,0
24,Independent,1,3
2420,Natural chain,1,5
47,Independent,1,
177,Other,1,0
1925,Other,1,1
26,Independent,1,0
49,Independent,1,
122,Independent,1,
2421,Natural chain,1,5
2424,Natural chain,1,5
1306,Alternative,1,0
2692,Other,12,2
2178,Online,3,5
2177,Online,3,5
2176,Online,3,5
2174,Online,3,5
2173,Online,3,5
2142,Natural chain,2,5
1995,Online,3,5
1991,Online,3,5
2212,Natural chain,3,4
2211,Natural chain,3,4
2210,Natural chain,3,4
1528,Natural chain,3,4
2719,Independent,,0
2258,Online,3,3